y,trt,block
0.750897390438547,a,block1
0.213794004922694,a,block1
6.97460490957923,b,block1
5.12822903959348,b,block1
-0.0140036016591578,c,block1
-1.95017912747139,c,block1
-0.742966176712065,a,block2
0.414012506219058,a,block2
5.42280770832077,b,block2
6.50706456597327,b,block2
0.00511026181245453,c,block2
-0.460872796788125,c,block2
-3.28807570999362,a,block3
0.0793192425598734,a,block3
5.19781355631825,b,block3
6.41974374888735,b,block3
-1.3474673276986,c,block3
0.60175016029428,c,block3
